Ticker,Date,,,,,
SNDK,4/29/2026,,,,,
RKLB,4/29/2026,,,,,
LITE,4/29/2026,,,,,
BE,4/29/2026,,,,,
WDC,4/29/2026,,,,,
CIEN,4/29/2026,,,,,
STX,4/29/2026,,,,,
MU,4/29/2026,,,,,
TER,4/29/2026,,,,,
TSEM,4/29/2026,,,,,
SATS,4/29/2026,,,,,
COHR,4/29/2026,,,,,
FIX,4/29/2026,,,,,
GLW,4/29/2026,,,,,
INTC,4/29/2026,,,,,
VRT,4/29/2026,,,,,
LRCX,4/29/2026,,,,,
MKSI,4/29/2026,,,,,
RVMD,4/29/2026,,,,,
FN,4/29/2026,,,,,
TPR,4/29/2026,,,,,
GEV,4/29/2026,,,,,
NXT,4/29/2026,,,,,
ASTS,4/29/2026,,,,,
MTZ,4/29/2026,,,,,
ALB,4/29/2026,,,,,
NEM,4/29/2026,,,,,
HWM,4/29/2026,,,,,
ATI,4/29/2026,,,,,
AMAT,4/29/2026,,,,,
SNDK,5/4/2026,,,,,
RKLB,5/4/2026,,,,,
LITE,5/4/2026,,,,,
BE,5/4/2026,,,,,
WDC,5/4/2026,,,,,
STX,5/4/2026,,,,,
CIEN,5/4/2026,,,,,
MU,5/4/2026,,,,,
TSEM,5/4/2026,,,,,
SATS,5/4/2026,,,,,
FIX,5/4/2026,,,,,
COHR,5/4/2026,,,,,
INTC,5/4/2026,,,,,
TER,5/4/2026,,,,,
RVMD,5/4/2026,,,,,
VRT,5/4/2026,,,,,
MKSI,5/4/2026,,,,,
GLW,5/4/2026,,,,,
LRCX,5/4/2026,,,,,
FN,5/4/2026,,,,,
MTZ,5/4/2026,,,,,
TPR,5/4/2026,,,,,
GEV,5/4/2026,,,,,
NXT,5/4/2026,,,,,
ALB,5/4/2026,,,,,
NVT,5/4/2026,,,,,
HWM,5/4/2026,,,,,
ATI,5/4/2026,,,,,
MTSI,5/4/2026,,,,,
PWR,5/4/2026,,,,,
SNDK,5/6/2026,,,,,
RKLB,5/6/2026,,,,,
LITE,5/6/2026,,,,,
BE,5/6/2026,,,,,
WDC,5/6/2026,,,,,
STX,5/6/2026,,,,,
CIEN,5/6/2026,,,,,
MU,5/6/2026,,,,,
TSEM,5/6/2026,,,,,
FIX,5/6/2026,,,,,
INTC,5/6/2026,,,,,
COHR,5/6/2026,,,,,
SATS,5/6/2026,,,,,
TER,5/6/2026,,,,,
GLW,5/6/2026,,,,,
VRT,5/6/2026,,,,,
LRCX,5/6/2026,,,,,
RVMD,5/6/2026,,,,,
MKSI,5/6/2026,,,,,
FLEX,5/6/2026,,,,,
MTZ,5/6/2026,,,,,
TPR,5/6/2026,,,,,
NXT,5/6/2026,,,,,
FN,5/6/2026,,,,,
NVT,5/6/2026,,,,,
GEV,5/6/2026,,,,,
HWM,5/6/2026,,,,,
ALB,5/6/2026,,,,,
ATI,5/6/2026,,,,,
MTSI,5/6/2026,,,,,
SNDK,5/11/2026,,,,,
RKLB,5/11/2026,,,,,
LITE,5/11/2026,,,,,
BE,5/11/2026,,,,,
WDC,5/11/2026,,,,,
STX,5/11/2026,,,,,
MU,5/11/2026,,,,,
CIEN,5/11/2026,,,,,
INTC,5/11/2026,,,,,
TSEM,5/11/2026,,,,,
SATS,5/11/2026,,,,,
FIX,5/11/2026,,,,,
COHR,5/11/2026,,,,,
TER,5/11/2026,,,,,
GLW,5/11/2026,,,,,
VRT,5/11/2026,,,,,
MKSI,5/11/2026,,,,,
LRCX,5/11/2026,,,,,
FLEX,5/11/2026,,,,,
RVMD,5/11/2026,,,,,
NXT,5/11/2026,,,,,
ALB,5/11/2026,,,,,
MTSI,5/11/2026,,,,,
HWM,5/11/2026,,,,,
MTZ,5/11/2026,,,,,
NVT,5/11/2026,,,,,
TPR,5/11/2026,,,,,
FN,5/11/2026,,,,,
GEV,5/11/2026,,,,,
AMAT,5/11/2026,,,,,
SNDK,5/14/2026,,,,,
RKLB,5/14/2026,,,,,
LITE,5/14/2026,,,,,
BE,5/14/2026,,,,,
WDC,5/14/2026,,,,,
MU,5/14/2026,,,,,
STX,5/14/2026,,,,,
CIEN,5/14/2026,,,,,
TSEM,5/14/2026,,,,,
COHR,5/14/2026,,,,,
SATS,5/14/2026,,,,,
FIX,5/14/2026,,,,,
INTC,5/14/2026,,,,,
TER,5/14/2026,,,,,
GLW,5/14/2026,,,,,
VRT,5/14/2026,,,,,
FLEX,5/14/2026,,,,,
LRCX,5/14/2026,,,,,
MKSI,5/14/2026,,,,,
RVMD,5/14/2026,,,,,
MTSI,5/14/2026,,,,,
NXT,5/14/2026,,,,,
MTZ,5/14/2026,,,,,
HWM,5/14/2026,,,,,
FN,5/14/2026,,,,,
NVT,5/14/2026,,,,,
GEV,5/14/2026,,,,,
ATI,5/14/2026,,,,,
TPR,5/14/2026,,,,,
MRVL,5/14/2026,,,,,
RKLB,5/18/2026,,,,,
SNDK,5/18/2026,,,,,
LITE,5/18/2026,,,,,
BE,5/18/2026,,,,,
WDC,5/18/2026,,,,,
STX,5/18/2026,,,,,
MU,5/18/2026,,,,,
CIEN,5/18/2026,,,,,
TSEM,5/18/2026,,,,,
SATS,5/18/2026,,,,,
COHR,5/18/2026,,,,,
FIX,5/18/2026,,,,,
INTC,5/18/2026,,,,,
TER,5/18/2026,,,,,
GLW,5/18/2026,,,,,
VRT,5/18/2026,,,,,
MKSI,5/18/2026,,,,,
LRCX,5/18/2026,,,,,
FLEX,5/18/2026,,,,,
RVMD,5/18/2026,,,,,
NXT,5/18/2026,,,,,
MTSI,5/18/2026,,,,,
FN,5/18/2026,,,,,
HWM,5/18/2026,,,,,
MTZ,5/18/2026,,,,,
TPR,5/18/2026,,,,,
NVT,5/18/2026,,,,,
GEV,5/18/2026,,,,,
ATI,5/18/2026,,,,,
ALB,5/18/2026,,,,,
SNDK,5/21/2026,,,,,
RKLB,5/21/2026,,,,,
BE,5/21/2026,,,,,
LITE,5/21/2026,,,,,
WDC,5/21/2026,,,,,
STX,5/21/2026,,,,,
MU,5/21/2026,,,,,
CIEN,5/21/2026,,,,,
TSEM,5/21/2026,,,,,
SATS,5/21/2026,,,,,
COHR,5/21/2026,,,,,
INTC,5/21/2026,,,,,
FIX,5/21/2026,,,,,
TER,5/21/2026,,,,,
GLW,5/21/2026,,,,,
LRCX,5/21/2026,,,,,
MKSI,5/21/2026,,,,,
RVMD,5/21/2026,,,,,
FLEX,5/21/2026,,,,,
VRT,5/21/2026,,,,,
MTSI,5/21/2026,,,,,
NXT,5/21/2026,,,,,
FN,5/21/2026,,,,,
HWM,5/21/2026,,,,,
TPR,5/21/2026,,,,,
MRVL,5/21/2026,,,,,
MTZ,5/21/2026,,,,,
GEV,5/21/2026,,,,,
NVT,5/21/2026,,,,,
ROIV,5/21/2026,,,,,
SNDK,5/26/2026,,,,,
RKLB,5/26/2026,,,,,
BE,5/26/2026,,,,,
LITE,5/26/2026,,,,,
WDC,5/26/2026,,,,,
MU,5/26/2026,,,,,
STX,5/26/2026,,,,,
CIEN,5/26/2026,,,,,
TSEM,5/26/2026,,,,,
INTC,5/26/2026,,,,,
COHR,5/26/2026,,,,,
SATS,5/26/2026,,,,,
FIX,5/26/2026,,,,,
TER,5/26/2026,,,,,
GLW,5/26/2026,,,,,
LRCX,5/26/2026,,,,,
MKSI,5/26/2026,,,,,
FLEX,5/26/2026,,,,,
RVMD,5/26/2026,,,,,
VRT,5/26/2026,,,,,
MTSI,5/26/2026,,,,,
NXT,5/26/2026,,,,,
MRVL,5/26/2026,,,,,
FN,5/26/2026,,,,,
HWM,5/26/2026,,,,,
TPR,5/26/2026,,,,,
MTZ,5/26/2026,,,,,
GEV,5/26/2026,,,,,
ATI,5/26/2026,,,,,
NVT,5/26/2026,,,,,
